{
  "BLEU-1": 0.5509504518541601,
  "BLEU-2": 0.3602497417189708,
  "BLEU-4": 0.14074869469164783,
  "split": "test"
}